{
  "accus": "accu's",
  "arias": "aria's",
  "autos": "auto's",
  "axiomas": "axioma's",
  "babys": "baby's",
  "boeddhas": "boeddha's",
  "cameras": "camera's",
  "casinos": "casino's",
  "cds": "cd's",
  "collegas": "collega's",
  "commandos": "commando's",
  "computerprogrammas": "computerprogramma's",
  "dampezzo": "d'ampezzo",
  "daosta": "d'aosta",
  "darc": "d'arc",
  "dart": "d'art",
  "dasti": "d'asti",
  "dazur": "d'azur",
  "demos": "demo's",
  "dhonneur": "d'honneur",
  "diplomas": "diploma's",
  "ditalia": "d'italia",
  "djs": "dj's",
  "dogmas": "dogma's",
  "dor": "d'or",
  "dramas": "drama's",
  "dvds": "dvd's",
  "dynamos": "dynamo's",
  "embryos": "embryo's",
  "euros": "euro's",
  "extras": "extra's",
  "faraos": "farao's",
  "filmscenarios": "filmscenario's",
  "filmstudios": "filmstudio's",
  "firmas": "firma's",
  "flamingos": "flamingo's",
  "fotocameras": "fotocamera's",
  "fotos": "foto's",
  "frescos": "fresco's",
  "gekkos": "gekko's",
  "gettos": "getto's",
  "gezondheidsrisicos": "gezondheidsrisico's",
  "gitaarsolos": "gitaarsolo's",
  "hobbys": "hobby's",
  "homos": "homo's",
  "hoofdthemas": "hoofdthema's",
  "hulpprogrammas": "hulpprogramma's",
  "intercitys": "intercity's",
  "internetpaginas": "internetpagina's",
  "jeugdprogrammas": "jeugdprogramma's",
  "kanos": "kano's",
  "kerkrazzias": "kerkrazzia's",
  "kinderprogrammas": "kinderprogramma's",
  "kleurenfotos": "kleurenfoto's",
  "lamas": "lama's",
  "latinos": "latino's",
  "lithos": "litho's",
  "logos": "logo's",
  "luchtfotos": "luchtfoto's",
  "luchtmassas": "luchtmassa's",
  "massas": "massa's",
  "mesoregios": "mesoregio's",
  "metros": "metro's",
  "microregios": "microregio's",
  "mn": "m'n",
  "modelautos": "modelauto's",
  "muziekprogrammas": "muziekprogramma's",
  "muziekvideos": "muziekvideo's",
  "nazis": "nazi's",
  "onderzoeksprogrammas": "onderzoeksprogramma's",
  "operas": "opera's",
  "paginas": "pagina's",
  "partitas": "partita's",
  "penaltys": "penalty's",
  "personenautos": "personenauto's",
  "pianos": "piano's",
  "programmas": "programma's",
  "raceautos": "raceauto's",
  "radioprogrammas": "radioprogramma's",
  "radios": "radio's",
  "regios": "regio's",
  "replicas": "replica's",
  "risicos": "risico's",
  "royaltys": "royalty's",
  "röntgenfotos": "röntgenfoto's",
  "scenarios": "scenario's",
  "schaakprogrammas": "schaakprogramma's",
  "schemas": "schema's",
  "skis": "ski's",
  "solos": "solo's",
  "spiegelreflexcameras": "spiegelreflexcamera's",
  "sportautos": "sportauto's",
  "sportprogrammas": "sportprogramma's",
  "studios": "studio's",
  "supernovas": "supernova's",
  "televisiecameras": "televisiecamera's",
  "televisieprogrammas": "televisieprogramma's",
  "televisiestudios": "televisiestudio's",
  "theaterprogrammas": "theaterprogramma's",
  "themas": "thema's",
  "toendras": "toendra's",
  "torpedos": "torpedo's",
  "traumas": "trauma's",
  "turbos": "turbo's",
  "ufos": "ufo's",
  "uitrustingsniveaus": "uitrustingsniveau's",
  "uitwisselingsprogrammas": "uitwisselingsprogramma's",
  "vedas": "veda's",
  "verkiezingsprogrammas": "verkiezingsprogramma's",
  "videocameras": "videocamera's",
  "videos": "video's",
  "villas": "villa's",
  "voorpaginas": "voorpagina's",
  "voorprogrammas": "voorprogramma's",
  "vrachtautos": "vrachtauto's",
  "webpaginas": "webpagina's",
  "zn": "z'n",
  "zon": "zo'n"
}