{
  "aint": "ain't",
  "arent": "aren't",
  "cant": "can't",
  "contd": "cont'd",
  "couldnt": "couldn't",
  "couldve": "could've",
  "darezzo": "d'arezzo",
  "dart": "d'art",
  "dazur": "d'azur",
  "destaing": "d'estaing",
  "detat": "d'etat",
  "detre": "d'etre",
  "didnt": "didn't",
  "doesnt": "doesn't",
  "doeuvre": "d'oeuvre",
  "dont": "don't",
  "dêtre": "d'être",
  "editors": "editors'",
  "entracte": "entr'acte",
  "entractes": "entr'actes",
  "girls": "girls'",
  "hadnt": "hadn't",
  "hapenny": "ha'penny",
  "hasnt": "hasn't",
  "havent": "haven't",
  "hed": "he'd",
  "hell": "he'll",
  "high-falutin": "high-falutin'",
  "howd": "how'd",
  "howeer": "howe'er",
  "howll": "how'll",
  "howre": "how're",
  "howve": "how've",
  "intl": "int'l",
  "isnt": "isn't",
  "itd": "it'd",
  "itll": "it'll",
  "maam": "ma'am",
  "maynt": "mayn't",
  "mightnt": "mightn't",
  "mightve": "might've",
  "mustnt": "mustn't",
  "mustve": "must've",
  "neednt": "needn't",
  "neer": "ne'er",
  "norwester": "nor'wester",
  "oclock": "o'clock",
  "oer": "o'er",
  "oughtnt": "oughtn't",
  "readers": "readers'",
  "recd": "rec'd",
  "secy": "sec'y",
  "shant": "shan't",
  "sharia": "shari'a",
  "shed": "she'd",
  "shell": "she'll",
  "shias": "shi'as",
  "shiism": "shi'ism",
  "shouldnt": "shouldn't",
  "shouldve": "should've",
  "souwester": "sou'wester",
  "souwesters": "sou'westers",
  "states": "states'",
  "thatd": "that'd",
  "thatll": "that'll",
  "thered": "there'd",
  "therell": "there'll",
  "theyd": "they'd",
  "theyll": "they'll",
  "theyre": "they're",
  "theyve": "they've",
  "thisd": "this'd",
  "thisll": "this'll",
  "wasnt": "wasn't",
  "wed": "we'd",
  "well": "we'll",
  "were": "we're",
  "werent": "weren't",
  "weve": "we've",
  "whatd": "what'd",
  "whatll": "what'll",
  "whatm": "what'm",
  "whatre": "what're",
  "whered": "where'd",
  "whereer": "where'er",
  "wherell": "where'll",
  "wherere": "where're",
  "whod": "who'd",
  "wholl": "who'll",
  "whore": "who're",
  "whove": "who've",
  "whyd": "why'd",
  "whyll": "why'll",
  "whyve": "why've",
  "wont": "won't",
  "wouldnt": "wouldn't",
  "wouldve": "would've",
  "yall": "y'all",
  "youd": "you'd",
  "youll": "you'll",
  "youre": "you're",
  "youve": "you've"
}